File,Zero_Crossing_Rate,RMS_Energy,Spectral_Centroid,Spectral_Bandwidth,Spectral_Rolloff,Spectral_Flatness,MFCC_1_mean,MFCC_1_std,MFCC_2_mean,MFCC_2_std,MFCC_3_mean,MFCC_3_std,MFCC_4_mean,MFCC_4_std,MFCC_5_mean,MFCC_5_std,MFCC_6_mean,MFCC_6_std,MFCC_7_mean,MFCC_7_std,MFCC_8_mean,MFCC_8_std,MFCC_9_mean,MFCC_9_std,MFCC_10_mean,MFCC_10_std,MFCC_11_mean,MFCC_11_std,MFCC_12_mean,MFCC_12_std,MFCC_13_mean,MFCC_13_std,Spectral_Contrast_1,Spectral_Contrast_2,Spectral_Contrast_3,Spectral_Contrast_4,Spectral_Contrast_5,Spectral_Contrast_6,Spectral_Contrast_7,Species
Greater_Prairie_Chicken_10_segment.wav,0.12876350420533642,0.0051975385,2322.8177080340147,1940.8881013646949,4247.436806663283,0.022656193,-607.3371,148.83461,58.378933,30.170414,-64.30115,69.626236,-4.8147063,20.026266,-14.883592,12.688331,-19.057878,14.3112755,-38.743755,17.95202,-26.073807,13.0953,-31.7962,14.561907,-18.64623,10.308969,-17.667616,13.86651,-2.075352,15.748148,4.068814,16.01935,25.64479883629004,21.83811968032849,19.303654202860628,16.241430197557406,16.754993761918488,17.55311959367247,52.76713813583575,Greater Prairie Chicken_filtered
Greater_Prairie_Chicken_11_segment.wav,0.11927883918213457,0.00229507,2093.278400532781,1816.8783932272042,3697.915458236659,0.011877397,-603.753,121.742065,68.05631,26.600107,-65.954384,43.519012,-0.19559275,21.79745,-22.889343,17.465113,-13.826569,11.671821,-43.810577,18.535583,-31.989962,11.593459,-33.94431,14.918983,-26.360462,9.532852,-22.488161,13.107827,-6.7959414,12.893049,1.4105797,13.635276,25.858581944313404,22.016267251698846,19.632328527109813,16.734884059312648,18.96981328231087,16.80342654053542,52.72955441033398,Greater Prairie Chicken_filtered
Greater_Prairie_Chicken_12_segment.wav,0.09651315073955917,0.0019234157,1706.4872251200682,1517.6189992811578,2852.724745323376,0.0026552922,-634.10236,99.83089,92.14916,32.19036,-69.11331,50.261612,3.995682,26.726606,-34.843334,23.703531,-19.358131,15.282254,-39.487503,17.574282,-37.341995,14.203992,-34.62547,10.953304,-36.750717,14.526336,-24.76528,11.567903,-7.9020176,15.687655,-2.495735,13.756356,25.82218990403743,23.24600724455748,21.192435253706414,17.700160084109918,20.296780261050465,18.46026010103954,50.73118136624707,Greater Prairie Chicken_filtered
Greater_Prairie_Chicken_13_segment.wav,0.15783833019141533,0.03303173,2147.7609774017947,1407.6633798559742,3022.8420461136893,0.0048563913,-362.4649,47.372536,56.77031,23.195753,-116.13465,26.835348,-26.334906,22.473322,-19.290815,17.903708,-19.467299,15.491607,-41.655052,19.004278,-10.0470085,13.657272,-14.256019,12.969235,-10.696972,13.013521,-4.7606015,10.438905,7.933569,12.749736,1.8810837,9.607981,25.817203530814943,28.853925474448403,21.014674376287974,18.79764888867084,22.267259141548866,18.56710923976652,54.426586652966826,Greater Prairie Chicken_filtered
Greater_Prairie_Chicken_14_segment.wav,0.04630061811194896,0.009498745,741.3026061034781,672.9949609727303,1015.5827993583237,0.00026899247,-515.0445,30.401329,133.71141,19.362478,7.00484,16.803719,-54.850372,13.409005,-53.281693,13.083961,-40.26064,10.869816,-36.71897,9.9498,-30.63556,6.8996396,-21.739021,7.360491,-18.579073,8.925414,-16.03277,7.5416822,-10.328451,7.6827016,-6.296585,9.146221,25.5451681326634,31.28004362276607,16.131217136619345,19.874102798890725,20.633322924931115,20.81134174561461,41.41721323786767,Greater Prairie Chicken_filtered
Greater_Prairie_Chicken_15_segment.wav,0.18248803654292342,0.013907592,2670.3947055083936,1927.4551229097415,4748.570899343823,0.006712,-372.89157,26.3691,60.69338,18.593615,-71.701454,20.518173,-0.3274308,18.95302,-70.31733,17.85919,-15.640732,15.045083,-49.619934,15.886994,-28.968721,12.952467,-20.777775,12.80089,-24.054302,13.70805,-13.877624,12.425646,-8.6320095,11.701548,-7.798514,11.123115,25.14680593303689,29.88414174621633,15.34119659239013,15.182534073299315,18.229987796812907,21.017488038420044,56.790796529680016,Greater Prairie Chicken_filtered
Greater_Prairie_Chicken_16_segment.wav,0.2055958617314385,0.01021117,2730.715248667205,1792.74715631288,4609.954026790893,0.00786241,-379.4121,35.87305,46.346386,16.957617,-109.60924,23.753036,-1.919913,18.951265,-65.044685,15.530747,-12.28281,14.272008,-59.88588,13.584003,-27.515322,12.060292,-28.791965,11.689098,-21.768204,9.878983,-25.135565,12.119695,-11.109128,10.09,-12.003018,9.933173,25.816324116335167,32.82383974060768,14.615378518813005,14.60713946203902,18.918310731512353,20.024936588353704,58.1662274422006,Greater Prairie Chicken_filtered
Greater_Prairie_Chicken_17_segment.wav,0.203617812862529,0.013248404,2725.560841700467,1722.5546003534923,4418.153639791183,0.006802791,-365.66125,37.960735,46.667324,16.746416,-106.33998,23.574928,8.418819,15.47741,-58.622574,16.236982,-21.738531,15.261985,-56.410374,15.68418,-25.061766,11.856303,-29.120874,12.409163,-20.708694,11.253481,-25.840776,11.287401,-7.794904,12.606954,-7.929398,11.47517,25.47511789273121,32.836224464813625,14.651118710290456,14.584447687250357,19.083698538282206,20.60065820863216,57.86664433104463,Greater Prairie Chicken_filtered
Greater_Prairie_Chicken_18_segment.wav,0.18011120577146172,0.01426895,2469.914951186609,1668.2737743908142,4189.7318191705335,0.0071628406,-366.9572,45.548077,51.273056,17.480947,-116.64857,22.026567,-6.9369807,16.884426,-51.246086,15.867023,-15.587653,14.865316,-57.698006,12.283547,-25.349985,13.201321,-25.96144,12.260818,-19.71619,10.202937,-20.418114,10.123647,-4.406701,10.098336,-7.6625633,9.844063,25.50630721940438,32.05222144384045,14.881122525440919,16.188951828737355,19.3308973467734,19.081971284992363,57.65951877238605,Greater Prairie Chicken_filtered
Greater_Prairie_Chicken_19_segment.wav,0.1630610136310905,0.0022706701,3383.3391114225487,2540.1149747232407,6107.336000942575,0.029439284,-534.4769,10.643873,23.753204,12.703865,-30.486101,7.1814365,-2.8393693,8.589923,-58.10691,10.012972,-12.628218,11.449716,-42.244446,10.026496,-22.770763,8.204914,-30.430946,8.157759,-17.646608,8.5470495,-24.403305,8.483206,-7.121574,8.798787,-17.449852,8.372496,25.325667233866287,29.221076425071075,14.48325297832996,13.264803193713655,13.529514694413546,17.694356725414966,53.54586192423979,Greater Prairie Chicken_filtered
Greater_Prairie_Chicken_1_segment.wav,0.13355568445475638,0.03139746,2315.928115397638,1889.2829967257785,4202.097173633266,0.010057843,-303.6098,46.252052,60.48656,20.248888,-74.175316,28.776176,-10.887543,17.492893,-49.657944,19.028519,-20.732607,15.392755,-43.550327,16.560707,-20.731516,10.047643,-22.60536,9.5586815,-14.96498,12.379774,-24.03458,11.097229,-7.2951093,12.793237,-6.816541,13.56007,23.329397854930104,30.000531486364498,17.122508809304332,16.776427919245755,17.541089749911638,18.036216689960014,56.75001342725582,Greater Prairie Chicken_filtered
Greater_Prairie_Chicken_20_segment.wav,0.1058833925464037,0.002701726,2750.9896039469627,2560.757502394924,5647.69454212587,0.010899809,-532.2837,17.223274,41.667217,11.255623,-20.40348,8.098852,4.7454753,7.5625005,-55.225494,9.256986,-16.847403,9.874045,-52.542816,12.194808,-30.022203,9.272599,-35.884434,7.480856,-26.776367,8.740131,-32.26541,7.8198175,-11.478256,7.7231884,-20.058607,7.3835163,25.517463999818684,30.312946477459548,15.823509900482499,14.162129330042173,15.090877513274979,17.65240104489293,53.80042056606252,Greater Prairie Chicken_filtered
Greater_Prairie_Chicken_21_segment.wav,0.06617966937354988,0.0036827468,1896.0115833350521,2091.201813702048,4030.7308471396464,0.0030610026,-553.178,29.226074,72.80753,21.349888,-17.213833,11.92444,7.517772,20.36773,-46.685886,19.522476,-28.854443,14.357622,-41.51725,11.9116335,-28.264236,9.835484,-25.055386,9.523886,-22.877813,10.394361,-23.89554,10.040786,-10.953082,9.674662,-9.548086,9.122114,25.617799146812825,30.937573971509636,18.204570080604295,16.62822755958258,17.562919479851338,18.365189340585058,53.87796762465685,Greater Prairie Chicken_filtered
Greater_Prairie_Chicken_22_segment.wav,0.23789719583816704,0.0022164085,3521.522564430844,2497.513987232255,6614.315533914588,0.039492376,-538.2812,22.265213,16.448725,19.461924,-44.2882,10.839314,-1.6949033,9.425426,-63.817387,11.87871,-11.19014,10.281449,-52.66339,11.6823,-6.916583,8.632348,-34.986202,8.674321,1.6179624,9.141094,-17.541687,9.942087,4.466321,9.73175,-5.5008283,9.833172,24.929675311331223,29.015336243564175,16.621295207603612,13.811893168350394,14.364704037729334,16.42786295098195,29.461811978937334,Greater Prairie Chicken_filtered
Greater_Prairie_Chicken_23_segment.wav,0.16350058004640372,0.03290651,2773.3961688900417,2043.2262949445046,4904.824014827436,0.024279397,-411.58148,110.54156,22.046513,54.868336,-57.411648,39.45602,-0.41022846,17.687094,-16.715609,15.55009,-23.660208,11.88796,-37.295483,15.24058,-20.926577,9.686306,-18.806406,9.113011,-11.131454,11.506656,-3.9109612,11.17124,1.5566878,15.966487,0.7050642,12.904543,25.774801285954705,23.118860496364658,17.48262902915775,17.031218162645843,19.32394623624621,18.130633600572533,54.99759843157463,Greater Prairie Chicken_filtered
Greater_Prairie_Chicken_24_segment.wav,0.08898614232888631,0.009248217,2031.1651443779972,1924.9666941432215,3988.488797853828,0.0041898387,-517.3487,95.8141,57.55907,32.013786,-34.31252,54.422432,12.403242,22.71873,-38.159077,23.957232,-20.718163,13.477792,-40.6581,15.115883,-29.832607,13.273434,-35.23433,15.02789,-25.797174,12.87333,-25.389597,12.769152,-17.536846,14.04311,-4.65222,15.130414,25.815946317256966,33.0956481909285,19.797835280688908,19.480726425859345,18.59265568901521,18.3938581871857,55.99087745666456,Greater Prairie Chicken_filtered
Greater_Prairie_Chicken_25_segment.wav,0.0747092970562645,0.0048986156,1872.0707830211138,1909.636504441392,3748.550960248695,0.0032707616,-537.4232,63.41176,75.15284,25.236265,-33.184673,35.524708,5.6378064,25.89098,-44.463234,18.045471,-25.484102,12.028731,-41.18316,18.663021,-35.509735,10.329185,-28.116701,14.032474,-25.498854,9.429253,-19.941628,9.297436,-13.239408,11.480967,-3.091281,11.667612,25.247206736773215,29.605508376950766,17.63163184783713,16.084023399303767,18.27747136114617,18.504788184707895,54.38103965176767,Greater Prairie Chicken_filtered
Greater_Prairie_Chicken_26_segment.wav,0.07231433983468677,0.010059138,1741.305178716535,1876.3253954249906,3281.8899769794084,0.002113567,-504.54224,118.380486,67.34646,26.84923,-30.893929,62.821632,9.957033,20.61304,-37.069923,14.162674,-26.136003,12.589598,-49.61101,16.941818,-31.822872,12.987023,-40.557354,8.568832,-27.188585,11.649439,-27.848682,12.006267,-17.205124,12.898029,-7.61859,12.385698,25.36588453897848,32.54083132215241,21.566243216721997,18.959647773901246,18.621883347928986,18.00121610176515,54.67957309169295,Greater Prairie Chicken_filtered
Greater_Prairie_Chicken_27_segment.wav,0.08525322650812064,0.020496098,1688.296499966374,1742.5072855335698,3055.3916559418503,0.0030020445,-397.36838,45.201572,84.52548,21.691357,-33.89449,24.517916,-25.520203,17.486086,-30.35354,22.61442,-27.651896,17.909807,-44.542145,17.501411,-30.420534,11.450832,-29.385368,10.974077,-13.649289,13.45961,-8.31677,15.871782,-9.234895,12.378635,0.88727856,11.560053,24.98187798650165,33.55525674295541,20.167043497180106,19.17530291038856,19.854269984354914,19.33515613591317,57.509159037295305,Greater Prairie Chicken_filtered
Greater_Prairie_Chicken_28_segment.wav,0.2016760168938515,0.008215006,3189.042509318698,2506.7421425510233,6118.402368673869,0.049573366,-331.73013,10.431097,28.2385,9.27785,-66.01501,6.6394887,-35.547497,5.44354,-67.20135,8.399089,-27.138355,7.4811635,-58.36365,7.390113,-27.591806,5.1947856,-39.41365,6.0298376,-20.919714,6.6853223,-26.23307,7.2398114,-11.8049755,6.72396,-19.157478,5.9682283,24.994731866069934,26.086051144334757,13.254373252869366,13.160413224685213,14.77986878457018,16.119479662480785,53.40661670179793,Greater Prairie Chicken_filtered
Greater_Prairie_Chicken_2_segment.wav,0.14450519322795824,0.004243357,2050.4856477570665,1616.680004406453,3429.5248151102087,0.004103305,-511.86972,59.791046,86.47391,22.807438,-86.52705,26.698986,-5.682701,18.202688,-42.45735,11.698879,-27.639126,11.147831,-42.020023,17.569637,-26.219969,13.082806,-32.93168,11.217982,-24.45538,10.325323,-21.544483,10.756575,-7.1724143,11.8915205,-4.073862,11.271194,25.7332411624771,21.424773743975777,16.48680664830032,16.339014618361418,19.651085981428416,22.28457846797675,53.60612263257224,Greater Prairie Chicken_filtered
Greater_Prairie_Chicken_30_segment.wav,0.1926322605298913,0.040814787,2591.9276209422414,1928.7411154421159,4561.2356434697695,0.019892244,-323.22427,118.26417,43.102264,18.84789,-75.27109,38.1088,-29.154276,19.31066,-52.343613,25.302279,-18.662506,13.145165,-31.078348,18.99928,-5.0968866,8.342465,-15.967482,13.01805,-1.0323608,9.352798,-6.3344927,12.656847,3.597674,7.1003366,0.23191501,8.060962,24.704424944815884,17.29341727626732,15.145789869491967,15.123937415852799,19.39956612341047,16.857280098458475,57.25117203943733,Greater Prairie Chicken_filtered
Greater_Prairie_Chicken_3_segment.wav,0.0928606710411833,0.030512612,2129.3446017362153,2032.8077864142097,4169.697446889501,0.010912943,-373.71585,67.03228,61.888527,26.379625,-19.355637,28.181004,-22.22677,22.21803,-29.729576,20.86461,-20.756388,13.337987,-20.668137,12.17033,-15.293655,10.234485,-9.766292,9.6563225,-11.696185,11.023856,-10.636518,11.477426,-3.046458,9.715442,-1.921613,9.819021,25.27216439556763,30.325739812565853,18.50027983509967,17.907044195657434,17.82413902584381,16.47949846178207,54.61444025196669,Greater Prairie Chicken_filtered
Greater_Prairie_Chicken_4_segment.wav,0.13131027044663574,0.0060795713,2264.664203852981,1940.1862910769566,4156.5576964907195,0.012442677,-485.73016,62.62256,60.64762,26.590296,-71.40603,25.01849,-31.517712,22.343756,-59.772964,14.101709,-14.115425,13.191864,-41.383213,14.296372,-21.737703,11.955583,-20.46015,12.146264,-12.2199335,10.145344,-9.970774,9.9298115,3.1618335,12.042325,-3.9213538,10.702449,26.229545076829815,28.839721097581158,19.035604746887667,18.32575480404186,19.978781438135496,17.53119551883805,55.57462280786483,Greater Prairie Chicken_filtered
Greater_Prairie_Chicken_5_segment.wav,0.20409136637180975,0.005208035,2976.918720302064,2141.525946196572,5145.885975565545,0.019525727,-442.6464,39.055393,45.412273,21.03374,-42.70296,22.663353,5.9806185,22.064064,-60.515717,15.145036,-27.342323,13.110075,-38.967983,12.520401,-23.171354,9.974995,-23.794464,9.762254,-10.521065,9.6445265,-13.809781,11.225898,-0.44877902,8.937131,-11.845324,10.028671,25.258129936030347,21.42608578695723,14.584098604038296,16.034351803503306,18.434896267618168,19.31268004959556,56.29279873541432,Greater Prairie Chicken_filtered
Greater_Prairie_Chicken_6_segment.wav,0.13972207620359628,0.0067195226,2267.797912963475,1597.5452968504062,3651.4017410455335,0.0027972031,-495.08865,67.42233,63.41337,33.6737,-85.13729,33.708717,2.721396,32.084953,-35.06527,25.76357,-3.4459147,20.314331,-34.41287,17.960825,-33.792637,18.269522,-30.520058,16.412148,-36.656574,13.005924,-36.03066,12.537278,-8.950565,16.319271,-1.3459368,13.430537,25.04060453732182,29.074567973704532,21.01098718201708,18.621297881191058,21.341396165339702,20.69403422349226,56.0731482639468,Greater Prairie Chicken_filtered
Greater_Prairie_Chicken_7_segment.wav,0.12838171584976799,0.002509547,2528.4570447010087,1981.2638923737395,4638.8564815654,0.011672236,-552.4766,52.627106,43.596405,26.653938,-72.1058,30.534286,7.9701877,25.31791,-41.41124,22.280844,-3.0028515,13.3523445,-38.24377,15.619857,-28.498808,13.337853,-31.193998,12.745431,-25.809984,14.890069,-24.832329,13.466797,-7.8204684,13.019045,-6.9684906,11.4544525,25.48897224920739,27.27545139852146,18.402006167128054,16.501523013604764,17.860784721353077,18.234157879844464,56.04452453579605,Greater Prairie Chicken_filtered
Greater_Prairie_Chicken_9_segment.wav,0.07795619743329467,0.0025556854,1919.5816923433401,2007.674737505549,3677.9060664696926,0.0073887478,-585.6393,50.80334,73.450386,24.186203,-48.131298,30.915068,-12.532069,23.66647,-31.46975,16.544079,-24.756838,14.504232,-46.64897,13.013742,-21.567242,12.632627,-33.89155,10.226574,-28.919203,12.144495,-36.44797,12.934608,-10.3614,14.087727,-3.6875305,14.860217,25.619624510184476,27.050952835901267,19.257635044950867,17.162765440612855,18.69964774863507,15.606506497011175,52.11430034871855,Greater Prairie Chicken_filtered
Magpie_Goose_10_segment.wav,0.2231467970562645,0.022201495,2724.233708084336,1745.7947889156117,4474.13497181337,0.0041982504,-332.713,31.199749,44.831085,21.0356,-115.20717,15.678267,-18.384415,19.173735,-87.22958,11.241847,-2.734474,12.318263,-33.712234,9.112214,-32.041836,13.071525,-24.255629,9.408732,-7.204841,13.694366,-10.10608,13.06421,8.559197,9.885734,-0.9720689,10.88335,25.97520795047443,24.686161224055912,18.01325426239544,18.118648618060732,19.66932793274183,25.400803296163705,62.582346865620636,Magpie Goose_filtered
Magpie_Goose_11_segment.wav,0.20780275703306264,0.02010191,2572.2152412472274,1528.6208352152955,3893.6377859447507,0.0038011854,-430.6815,57.086502,51.60705,31.714804,-101.88972,31.793129,-26.905201,22.756285,-53.890743,10.534623,-6.473823,7.3381443,4.009646,7.8555236,-28.706545,7.8615117,-2.4410527,6.979305,-11.82145,4.979745,-16.307936,8.854365,36.857716,11.999473,-5.843401,6.4618087,26.185270046506062,20.36095571983405,22.461133763003083,22.15402843033153,22.200260970141183,31.03506261912696,56.109947767533015,Magpie Goose_filtered
Magpie_Goose_12_segment.wav,0.1753178926189095,0.006436977,2543.0672983095146,1882.7176835483724,4511.805587025087,0.015337698,-415.35846,34.138527,46.268394,21.749628,-109.43879,14.247182,-34.18034,11.285551,-71.808624,8.568367,-20.147089,7.0878267,-42.02899,7.227609,-15.486107,7.278339,-26.842594,8.024178,4.401797,7.685467,-6.683136,6.5980864,8.636968,7.1654496,3.12137,7.601723,26.054833015945874,21.159420543699838,16.28234554254784,14.402230921126788,16.780685605176444,17.875399996899837,58.863528505337186,Magpie Goose_filtered
Magpie_Goose_13_segment.wav,0.12670162050464037,0.0060709105,2081.801919962238,1735.692095065987,3799.5361894576567,0.005777975,-442.54587,29.211214,77.42911,13.292086,-97.773766,12.930234,-35.77072,12.436488,-67.13394,8.514294,-24.651505,7.3502913,-45.90084,9.272524,-16.329227,7.8386703,-21.0689,7.311019,-0.36653408,8.216267,-3.7824945,5.822394,-4.961484,5.681781,6.7792797,6.929926,25.71964070509255,21.362682039216548,15.204316049903865,13.727294098840584,18.47438737397846,18.472770553698645,59.54157581522965,Magpie Goose_filtered
Magpie_Goose_14_segment.wav,0.301798597012761,0.027441291,3722.261575709755,2118.3269913149693,6497.306806028857,0.011056634,-271.55096,21.637419,-10.403989,13.941954,-122.44888,16.161144,-9.857448,11.71368,-88.32387,9.39735,-10.040927,7.700866,-61.31735,8.889368,-18.17489,8.034034,-48.99412,7.6358542,24.537771,7.619532,-28.56988,8.465443,21.090311,7.9872,-1.6308769,8.32585,25.487442025939856,20.399455896707885,19.837751553056336,18.099766207861688,18.853105791360278,23.180830611438207,66.75443889846883,Magpie Goose_filtered
Magpie_Goose_15_segment.wav,0.27342050645301624,0.0133611495,3382.276434784416,1960.120194301725,5683.891307007686,0.02313426,-324.3648,21.262062,-6.295529,12.059179,-120.33737,12.767397,-12.310636,13.347546,-88.15094,8.993919,-22.679499,7.8389,-59.772324,7.763716,-14.182597,6.6970215,-32.44275,7.2775517,-4.617392,7.7988367,-8.037785,6.846897,5.9572124,7.4930353,4.0557284,7.0656233,26.357163305811493,22.22127138022324,17.228959223818816,16.860721374117453,16.25573315095963,17.5914252599727,62.54356832633723,Magpie Goose_filtered
Magpie_Goose_16_segment.wav,0.28448847595404986,0.0019760358,3677.979005744662,2418.1891249081054,6449.630366530374,0.08146946,-536.20325,69.31004,22.478077,27.564726,-42.58728,27.389309,-3.7109554,18.435163,-56.838245,16.996304,-2.7651525,9.618209,-34.974365,10.855868,-6.403559,8.895165,-25.77517,9.289334,-8.237044,9.3737,-10.07573,11.026764,4.7516837,7.2758703,-12.290842,8.934007,25.030480475215978,12.34616115746981,14.473776071181758,14.683102516541084,16.952161783011082,15.461551676346414,56.09630267252742,Magpie Goose_filtered
Magpie_Goose_17_segment.wav,0.1666064676084475,0.0017587953,2589.9365435052805,2020.2253216337363,4632.785075984589,0.021825744,-511.8832,23.552038,36.090626,10.867017,-108.67378,10.956086,-44.540417,7.8302565,-56.64633,10.335019,-21.46117,9.224726,-45.79858,7.0912538,-18.962755,6.4955406,-26.0618,7.5231075,-2.8535864,7.3791533,-6.1211762,5.422152,7.6681304,6.1955833,-2.5979962,4.84026,26.245085505738174,17.16799525405822,17.27908180770245,15.705160327527308,18.297943282694764,17.191162545271116,53.63306009979274,Magpie Goose_filtered
Magpie_Goose_18_segment.wav,0.29116063660092806,0.0072737867,3458.663999737319,1884.621636144667,5401.111887779148,0.032830026,-472.37003,65.52622,9.349392,20.682775,-88.373085,21.716825,0.7645986,17.662445,-68.02647,20.977674,-12.056108,14.852015,-36.449574,15.265646,-3.4734395,13.771914,-19.74331,10.379337,-5.5443354,10.272594,7.739022,10.312677,5.0932255,10.548488,5.8347807,6.0145936,25.873626597091054,17.530758033044165,14.754494930104036,14.756127860507018,17.82224605814365,18.69552716343461,57.370103380370935,Magpie Goose_filtered
Magpie_Goose_19_segment.wav,0.40867214689675174,0.0133695295,4767.616747944038,2914.365151019645,8062.610797926334,0.13232423,-281.16318,17.709442,-34.658726,6.4287896,-67.145226,12.881099,-67.442406,7.019207,-70.63574,5.6137233,-36.781624,4.840287,-43.387844,5.639813,-11.136524,5.573559,-26.539003,6.003879,3.186481,4.9994707,-11.319335,4.74166,11.23944,4.2365727,-3.8684433,4.1862693,26.03711261387782,24.31113217637142,14.80372416489382,14.26895904935624,14.236690613294169,14.66805937396384,54.536095560659085,Magpie Goose_filtered
Magpie_Goose_1_segment.wav,0.2834757867260514,0.003408212,3398.0459923581298,2460.107546728059,6457.369909553884,0.027973358,-510.64615,58.572067,26.538506,17.146326,-66.710945,26.024797,-18.37397,8.230767,-71.93751,10.91543,-34.28113,8.539975,-47.58224,9.742312,-5.6471705,8.414856,-30.876492,9.020555,7.1035795,7.4493623,-14.877267,6.658839,17.203217,8.105745,-8.331963,8.222974,26.487446034654013,20.613698505844567,15.347178216348313,18.131784740314,17.066131912875548,18.86533215894462,64.26081816644957,Magpie Goose_filtered
Magpie_Goose_20_segment.wav,0.24321391023781902,0.022950947,3155.7886812450274,1871.707762902706,5210.760370595272,0.017236948,-271.15466,27.298882,9.38362,17.345795,-125.107895,15.285031,-3.0849495,11.473215,-81.93416,10.297291,-21.27744,8.413012,-58.362698,7.9137645,-7.890261,8.475902,-38.887344,6.474051,-0.22427404,7.3997235,-13.553671,8.28849,4.729591,7.4503393,-12.891696,7.552258,24.85599294205619,18.11177583832549,15.674885290402052,15.129761341442263,18.182054964365054,17.70982781605848,60.90331346246955,Magpie Goose_filtered
Magpie_Goose_21_segment.wav,0.22320424910071943,0.012752829,3413.7672166757093,2910.7286961858817,7313.465848415018,0.058520515,-316.99576,31.420052,28.51633,23.141775,-54.215446,27.477032,-45.8851,15.998798,-43.481796,11.150741,-41.422176,11.848247,-33.931713,10.224442,-33.755955,10.977077,-29.45064,8.202003,-16.600199,8.575469,-17.069532,8.082234,-4.5454216,6.5775633,-13.13303,6.7464237,26.302335028508196,16.414800549583994,14.102789785868126,15.511310835026398,17.06013330508209,16.382551335152222,53.27035716751539,Magpie Goose_filtered
Magpie_Goose_22_segment.wav,0.2839315817140371,0.006478026,3731.0677789962924,2452.1320158059107,6721.831666455191,0.104673676,-384.89084,34.488827,-8.26652,10.409178,-86.71219,18.332544,-36.130054,8.401999,-50.53258,8.04264,-12.90581,6.7804875,-29.59648,4.9481177,1.5166029,5.167018,-17.999424,6.087685,6.2291865,4.6646314,-2.4771452,5.49765,9.34953,4.9323993,0.5769217,4.29817,26.58466077161846,24.577486885736214,15.427717706370562,13.453064295995587,14.22148772844082,14.202387965486631,55.39368125561906,Magpie Goose_filtered
Magpie_Goose_23_segment.wav,0.16345382063356165,0.0022627367,2426.9531145990936,1853.5233147087583,4101.95720515839,0.016005637,-505.38315,24.284914,51.9561,11.662414,-104.57836,13.16913,-29.85978,10.842269,-62.39621,8.223512,-32.513054,7.899886,-37.408577,8.551294,-9.168029,7.037489,-22.952572,7.467246,-0.10484709,8.528052,-8.033492,6.3270555,5.800776,6.6034684,-6.126608,5.3556685,25.66818961948797,16.9507612167322,14.735302217809792,15.387686766502425,17.726413555794515,19.04164158856829,54.65148804243949,Magpie Goose_filtered
Magpie_Goose_24_segment.wav,0.11730787489149305,0.0020243966,2009.9263825858434,1747.4738778103517,3605.3909301757812,0.008980794,-498.8309,18.423021,80.25253,10.066227,-103.963135,9.563245,-34.621113,8.514384,-76.28991,7.9829044,-35.2697,5.38601,-49.359165,6.4400225,-17.133217,5.138528,-31.151917,4.880099,-6.8664885,4.9194593,-17.812538,5.738198,3.789421,5.323825,-10.275041,4.6930375,25.599071827787203,17.579581055213275,13.49650073302006,14.906833500607775,15.360439445121058,18.03358264827459,55.224110140881436,Magpie Goose_filtered
Magpie_Goose_25_segment.wav,0.15235168032192575,0.0363167,2528.3769705104537,2203.260600040867,4768.355466484194,0.017500935,-251.66457,31.688189,40.06898,13.443298,-89.16993,14.323047,-45.383648,9.358462,-68.881325,8.916307,-48.79412,9.15249,-51.7443,9.688936,-15.766778,7.462633,-20.772223,7.3921022,-2.9921923,9.55477,-13.861089,6.8749747,4.945361,7.5975685,-3.3037694,6.545324,23.897657827417827,18.99880518935342,17.510924924514278,17.471415782494034,18.013372211650008,19.104680042719068,54.3072691544452,Magpie Goose_filtered
Magpie_Goose_26_segment.wav,0.3837806195965418,0.04982391,4334.998020651836,1846.0607428525802,6068.205573442003,0.021915581,-241.23843,25.116426,-56.83021,21.088976,-87.73646,15.710721,2.6516168,11.429286,-89.83912,11.514643,-22.82075,10.935172,-36.64793,11.196644,-19.585655,11.506302,-21.974203,11.898939,6.013845,12.086726,-24.768625,10.844023,7.302138,11.12273,-6.75564,8.509238,24.34938012730178,17.215652114052112,14.592266056609802,15.03398317254474,18.17559946683699,21.461756478222245,60.669614057001944,Magpie Goose_filtered
Magpie_Goose_27_segment.wav,0.27371961805555556,0.005676718,3560.558199066996,1674.872619838365,5130.4052734375,0.01779132,-443.9041,26.896229,-20.845945,21.977146,-120.872536,18.963598,8.696668,16.84694,-79.026245,11.95747,-21.269,10.131434,-37.674263,15.564288,-3.3540277,11.037954,-21.056278,9.272368,5.4659243,8.151287,-14.910456,7.987933,4.4945416,9.375446,5.266039,6.1747565,25.669807683538824,15.858440491328773,16.38236405752244,15.06012527240907,18.001604824826423,20.3947750475753,57.942866661287916,Magpie Goose_filtered
Magpie_Goose_2_segment.wav,0.3989461735063805,0.019487783,4552.60965485905,2363.886762442148,7127.740039515661,0.028208757,-300.9025,37.067463,-25.350859,15.8792095,-78.08405,13.116833,-34.571594,8.478917,-92.21988,7.173389,0.1573861,9.592868,-63.863182,11.491946,1.5327299,11.04742,-45.90926,5.9219894,8.200248,6.2998366,-3.63294,6.974945,11.948109,6.5867643,-8.170102,6.2227283,25.39126059030236,17.359059816811296,18.047343198482565,17.736354658063867,17.585662381661784,18.965622633201086,64.1572743291761,Magpie Goose_filtered
Magpie_Goose_3_segment.wav,0.2941277099042923,0.0022330992,3865.477979808739,2435.6653044998425,6403.305131598027,0.10295815,-465.11832,25.35166,0.84300977,16.316807,-47.3494,13.204808,0.28957012,14.0446,-56.771152,9.896038,-25.913239,8.708514,-32.459827,7.9447255,-25.64717,8.267312,-35.743935,9.166195,-30.349285,7.8896294,-14.490797,6.6183195,-11.700328,6.067125,-19.77938,6.549393,25.23018201133877,15.90270800513774,15.77964601760265,14.329935766709962,16.732245599180267,16.03979868220373,51.75000364576358,Magpie Goose_filtered
Magpie_Goose_4_segment.wav,0.2573584295382166,0.009017272,3347.0636410671723,2148.394220768864,5655.106037893113,0.048748624,-365.32303,39.754112,-0.4746949,17.298933,-99.17041,11.743126,-29.0763,12.786449,-68.88,8.640339,-24.548903,7.150791,-37.499905,7.705466,-17.471903,8.434602,-26.699997,7.7876735,2.53787,7.8442245,-10.611478,7.285961,6.6999044,6.0674167,-3.786433,7.520309,25.30396616951142,17.27043704369315,14.987888852033288,14.100179069367632,16.43464614240795,18.36081831473557,53.78088245536951,Magpie Goose_filtered
Magpie_Goose_5_segment.wav,0.20745608867459397,0.010578485,2943.4902860796174,1997.1858875100222,5250.604290530742,0.017171126,-362.74146,47.21927,20.655556,29.922983,-109.302315,10.416126,-20.596771,9.008797,-84.48485,9.856247,-12.242575,6.344026,-48.38148,6.9035907,-12.44895,7.7495594,-32.485363,8.019704,5.5802445,5.873918,-1.2076918,7.357022,3.0623536,6.799276,-5.077242,6.1909103,25.79345966986613,17.40093235942212,19.031268115846654,16.995613250011736,18.29541726617217,17.865638608370215,60.441623060679575,Magpie Goose_filtered
Magpie_Goose_6_segment.wav,0.25509466538573083,0.012170068,2853.612619538834,1263.1666415072652,3830.2622217589906,0.0044610496,-444.33563,49.64199,24.80949,41.6383,-119.152885,15.41265,23.762915,32.181507,-56.981617,18.778473,-33.84715,13.083132,-1.3628445,13.491821,-24.231144,13.852345,-22.492807,9.919283,1.4958408,6.9879937,-3.2361417,7.054185,1.8829838,8.2449665,8.5799055,7.8213005,26.33930181663333,18.502625686981226,17.23811354469928,16.802883380969863,18.96882035126445,27.06163039579056,53.39035965673416,Magpie Goose_filtered
Magpie_Goose_7_segment.wav,0.17679075677710843,0.007911134,2801.76247878052,2132.1257091992834,5211.009212631777,0.027115356,-351.51242,20.821249,37.634083,10.915727,-91.68709,7.6337614,-22.255426,7.7806287,-74.86939,5.8651605,-24.825706,6.187123,-49.770615,5.8106055,-15.232856,5.8991866,-30.882462,5.024984,-2.3331032,5.3969235,-15.011582,5.675228,4.1719832,5.741361,-9.633916,4.535845,23.689168439490352,15.332388307972074,16.02694681937641,15.10670365670914,16.21634017875535,16.664687509346216,57.956013033202595,Magpie Goose_filtered
Magpie_Goose_8_segment.wav,0.1625772639936195,0.035826888,2286.328926701952,1498.1823865239476,3783.998309708527,0.0040381313,-253.69293,34.85751,46.7845,19.801514,-159.49074,12.543067,-30.678612,9.270332,-76.23439,6.103828,-16.27707,6.3866553,-50.292496,7.0233088,-22.506245,6.229637,-27.7622,6.078476,1.682793,5.4365907,-5.633173,6.0068626,6.4062433,5.8385606,1.9921081,6.8528857,25.250315800560305,15.719550936447606,19.610379067548504,15.941795436354143,19.85312372545726,20.145678144445807,58.92169867772211,Magpie Goose_filtered
Magpie_Goose_9_segment.wav,0.25490433765951276,0.013628461,3020.6898422957756,1831.2679336747076,4728.761351689385,0.0074219215,-371.26425,35.172184,18.724716,12.014311,-126.1184,19.268272,-23.825266,7.1760144,-74.34692,7.873943,-0.99222165,8.034643,-40.04109,6.4977536,-28.449642,6.300863,-14.220853,6.3672514,3.7751193,5.4114347,-14.078017,6.7146587,33.90189,8.687594,-13.717673,9.972892,25.48418699211751,16.89403973381673,20.318714265468802,18.188973654032527,20.616016378891292,26.658679829925294,59.85787132928876,Magpie Goose_filtered
King_Penguin_10_segment.wav,0.1673637797273782,0.025043966,2425.534804687644,1641.3777873947283,3991.011829774507,0.019777678,-445.4913,160.1261,37.742485,27.259478,-89.19533,65.62062,-22.12973,15.775512,-32.392303,22.222532,-20.061737,8.41902,-17.774658,14.821263,-9.788146,9.325646,-15.59055,15.086312,-1.7167978,8.2728615,-2.0403042,11.44664,-0.6173801,4.810471,0.29928207,8.095237,26.28306088819692,24.79191581755176,16.526154883082828,16.121810705869095,16.167045382500703,18.787489711974935,55.28997353084655,penguin_filtered
King_Penguin_11_segment.wav,0.16159656287380383,0.015501282,2558.3892404587536,1895.3636604587111,4567.434502560556,0.010494497,-350.7455,51.686596,41.938255,27.005516,-103.777145,21.539202,-29.721596,17.921303,-69.86672,14.142593,-20.571436,13.572622,-42.966244,10.836425,0.43446577,11.84337,-31.966648,10.101775,-10.262037,10.769744,-14.164031,9.523323,-4.039396,11.102808,-10.195535,13.775475,24.020658650873823,15.989797573062564,16.87797511364287,17.88044473769657,18.04597420546821,17.70756218385226,59.51931211344952,penguin_filtered
King_Penguin_12_segment.wav,0.1698097175899072,0.0370462,2448.9769714723543,1522.7344374342388,3947.6706378697795,0.0032544744,-329.41302,53.678204,37.779213,40.91194,-117.05534,25.955416,0.7902326,18.823494,-59.635197,21.325426,-22.009624,21.2366,-53.854816,14.647575,-21.807592,14.0048685,-22.9888,15.379135,-19.68863,15.092493,-17.820461,14.109464,-0.7074913,14.279635,-3.0384202,15.315378,25.058785977557633,22.11366428067256,19.378632342192795,19.39910578148997,22.627853225650274,20.552636664603153,57.95931279068501,penguin_filtered
King_Penguin_13_segment.wav,0.16383931808294663,0.04053688,2257.912404098762,1381.0394765463498,3342.642587188225,0.0044454816,-334.34137,39.835934,49.14104,34.256287,-120.35076,15.86912,-6.717658,21.407736,-20.846659,16.437239,-23.433525,10.990526,-43.929695,18.419744,-22.045515,16.403069,-15.483471,13.805574,-18.892767,14.27431,-11.772151,14.795056,-1.5764374,12.9305,1.4793724,9.894276,25.20312910742128,20.384076113665063,17.268715865392846,16.065883404059697,19.701661058087844,20.116378332377252,55.26049963732715,penguin_filtered
King_Penguin_14_segment.wav,0.15684477414443154,0.09701003,2401.8447894801025,1747.119969788252,3963.708127900232,0.008519598,-142.98093,41.81331,49.561665,22.172525,-113.743965,13.00865,-20.6057,15.215173,-69.11343,12.455058,-37.84791,8.5334215,-47.7271,8.891095,-6.140194,10.073034,-35.084267,8.108711,-12.400395,9.483673,-21.376223,9.183682,-7.1105485,7.5273614,-13.428867,8.362631,28.767383285665815,15.952906275648653,16.189597611269217,17.92514527427511,17.2429347416244,17.854865176961514,58.109666038060496,penguin_filtered
King_Penguin_15_segment.wav,0.15581837016574585,0.023825245,2068.7483411397907,1211.3175872527192,3219.868191039365,0.0018591604,-304.2795,35.27757,78.5644,25.469902,-163.79344,12.204402,-24.247433,11.031963,-62.558765,6.4757133,-24.409449,5.514579,-31.900963,5.412515,-29.439999,4.968324,-19.82858,5.492317,-10.481762,5.0947714,-2.9731355,5.051041,-7.6180577,5.564692,-2.262016,6.503645,24.893261645184815,17.463097138664356,13.738602519558585,14.08925157922064,17.341354634785958,21.117721230506607,55.15940380580592,penguin_filtered
King_Penguin_16_segment.wav,0.17667284476508122,0.016601942,2704.62010359863,1831.2825418891532,4613.776045443011,0.024404539,-360.56024,75.42791,28.197603,25.965605,-118.394585,39.588654,-15.237656,14.368479,-50.927593,16.215445,-8.681611,10.289739,-28.156569,8.404702,-11.204126,8.690731,-21.85186,7.8168445,-3.197112,6.700788,-14.463355,9.050929,0.9071656,8.336051,-7.6546583,9.196435,23.768427642377265,14.128120906809823,17.05251163372021,17.66912564245303,17.195042875059524,18.786251051790853,56.31161514265164,penguin_filtered
King_Penguin_17_segment.wav,0.15523551274271843,0.008724934,2462.616263062557,1811.231532560788,4341.004899404581,0.01510481,-444.9517,98.44169,46.792202,27.073881,-107.54991,37.827988,-22.443235,10.288134,-54.624504,12.679786,-13.485425,7.3949847,-33.51228,8.557951,-14.721412,8.892745,-26.643425,12.745382,-9.488661,6.965724,-13.569596,7.476079,-4.0741463,6.1102767,-9.967103,8.86184,25.479565688093032,17.0800649325333,15.688312822834014,17.109039165208184,17.7113676284876,17.48012755881569,57.45170921621876,penguin_filtered
King_Penguin_18_segment.wav,0.16008374419953597,0.01755334,2212.3180805775783,1489.3691048658304,3637.362692140371,0.006522096,-383.16998,36.952766,58.985306,15.24173,-136.14989,27.049208,-40.50451,10.951843,-63.837933,11.974604,-13.977585,8.539344,-30.665848,8.472178,-25.237654,11.044392,-11.636317,8.66183,3.4827974,8.839301,5.875656,7.526961,6.7714505,6.515085,10.729148,7.7968764,26.31277552710103,23.91440571018844,15.705299448924233,15.792906147880148,19.094266672563233,19.732781311904628,56.52330842642454,penguin_filtered
King_Penguin_19_segment.wav,0.10623006090487239,0.09962754,2010.6434089503966,1704.9731943633167,3638.8365424702724,0.0047926325,-166.54599,72.42131,61.186085,31.556637,-117.20742,14.806003,-44.968277,8.499082,-83.16139,9.886841,-33.792255,6.0078416,-52.062374,8.445695,-20.274254,5.6784415,-32.222504,7.958228,-14.629786,6.4537053,-18.141083,7.1254387,-2.3132215,5.9939117,-6.264981,8.364596,24.385370486454434,26.141383325309587,17.139410834265192,17.75637017534328,16.502674844175196,16.199636808444783,56.89540858575901,penguin_filtered
King_Penguin_1_segment.wav,0.15015611405162413,0.046560943,2089.4769473988426,1300.6677835498297,3193.134210502465,0.0017139403,-258.42523,47.504593,64.50082,16.193026,-158.90955,13.86351,-27.700277,9.504946,-67.55541,12.991085,-34.533123,10.555376,-36.091602,10.433308,-8.3731985,8.004406,-18.765894,6.5400248,-14.469038,7.9987187,-1.3094717,11.03358,-3.5898364,9.181323,-2.5498822,9.575666,25.727175481368388,23.381777883087707,16.883729868693848,17.881099367118587,16.965107064898906,19.819460171718184,56.7963581064063,penguin_filtered
King_Penguin_20_segment.wav,0.15059114885440836,0.067977734,2220.3162034970974,1545.6417326758656,3664.216744761456,0.0056768106,-172.97485,20.66493,53.972214,13.295727,-148.82814,8.952351,-30.72774,9.1958685,-84.350876,7.0395837,-36.089985,7.1877403,-41.108124,6.826697,-9.782707,5.3411303,-33.082905,5.553808,-13.865312,5.4625196,-18.641012,6.193514,-2.8438933,5.6689754,-4.8765273,6.735913,24.481739074330505,20.794899733768418,15.61856884625144,15.922543275680718,15.086871497229366,18.508698120540437,57.17384632982753,penguin_filtered
King_Penguin_21_segment.wav,0.16370903422273783,0.0077183195,2194.2294925152687,1231.7217373263572,3366.948627374565,0.0019313251,-456.8988,60.82488,64.01852,28.71097,-160.03311,32.611485,-11.67167,15.2577,-51.81101,10.5706835,-27.331472,12.155737,-32.408714,9.557338,-27.601126,10.408985,-23.363209,7.6053944,-12.619351,8.097253,-0.48998925,9.5999155,6.748397,9.266426,2.9058015,8.621806,25.98370044454418,22.455414812408176,13.272143580657888,15.945621660169126,17.13689001089529,24.194255917883808,55.008826274292076,penguin_filtered
King_Penguin_22_segment.wav,0.14487905126160092,0.0043690363,1946.0111099997778,1205.6713165372212,2961.3400204828886,0.001796449,-504.36084,38.649765,83.299904,18.482962,-135.69398,20.308613,-22.894255,14.262177,-45.209515,7.13078,-35.234512,8.999487,-33.649807,8.970769,-31.109089,11.636588,-23.435936,6.9196367,-12.380159,10.34326,4.0884733,8.330309,7.24191,8.246035,5.6058526,7.359774,26.04610652239334,24.043794908069103,13.417858312594824,15.560926422711685,18.887863134912372,21.260662591871434,53.044847069416086,penguin_filtered
King_Penguin_23_segment.wav,0.14927455357142858,0.0077108983,2059.194450678692,1233.4899265776714,3179.658309273098,0.0018145245,-459.18866,66.361465,73.971016,27.30483,-157.38007,32.069653,-18.534283,14.066192,-54.41799,11.273159,-27.356373,11.862463,-38.162994,8.059714,-30.01486,10.78796,-28.012737,8.131617,-12.220102,7.054003,1.3612562,8.902926,5.8385797,6.870813,5.769721,7.5942817,26.421123096404603,23.71563442934512,14.059506845821518,15.916545969094923,17.184047337868765,21.932023104502704,55.11065503628485,penguin_filtered
King_Penguin_24_segment.wav,0.14662947744693397,0.0058376184,2002.7656597589807,1234.9162075849047,3107.0533032687204,0.0018203126,-474.32245,57.89163,78.70974,23.347347,-151.12314,25.576027,-20.831974,10.3360815,-53.150085,11.26117,-27.940744,12.376165,-36.48539,8.324886,-30.701725,8.435314,-27.228346,7.16465,-15.636914,7.027092,1.3636283,6.168923,7.284336,5.90544,4.5880976,7.0525184,26.15231520047,23.780651017709204,13.830611698559933,15.76591460085567,17.148860822092576,21.228750976219008,54.32383802686682,penguin_filtered
King_Penguin_25_segment.wav,0.15699325405290102,0.009615354,2083.602673628947,1256.7032045371968,3293.440949632039,0.00179596,-431.33865,67.28857,78.51924,27.929165,-154.07841,28.69009,-13.007432,15.793535,-63.841484,16.545618,-37.73218,7.579977,-34.193954,8.976322,-31.990208,9.71939,-30.613327,6.858556,-13.328207,6.0466614,-4.002719,8.454868,2.3032243,7.8058496,7.0974336,7.1465173,26.24441771989182,24.492181323845195,14.236752806713877,15.381696280218126,16.681584209724633,24.170244602284964,54.78593887301704,penguin_filtered
King_Penguin_26_segment.wav,0.14241633628731343,0.0096964855,1967.1611770656766,1323.4814769952732,3121.0288887593283,0.0021554488,-410.60904,54.673096,85.93642,17.493423,-147.52281,30.965872,-21.380692,13.902342,-68.383125,13.573323,-33.842854,6.5814095,-43.743523,6.0488534,-31.085815,8.389346,-38.52114,5.617769,-16.097376,7.915107,-4.6664762,7.339632,6.1968107,6.316665,4.2771006,8.803961,25.580630458368972,23.4019533163435,13.990659070596145,15.47978921967671,17.699060299605883,22.358576252403726,55.28305051716491,penguin_filtered
King_Penguin_27_segment.wav,0.20636963457076565,0.07323421,2186.4301908142324,878.2346416879084,3162.5081002573957,2.1610644e-05,-299.29306,30.153742,138.14532,7.3992543,-197.5108,24.545862,-24.863857,8.661332,-2.6838732,7.4819646,-99.71985,9.443173,-13.461756,8.5895195,-10.103797,8.929113,-51.617077,8.622245,5.632563,7.438675,-7.9333296,7.318273,-28.339739,7.495048,14.489376,11.077503,24.83815775784288,17.417683065239952,14.442828008025058,16.396075543757817,17.450607840065423,50.50292874237794,36.111625965302785,penguin_filtered
King_Penguin_28_segment.wav,0.10758614595417633,0.010762033,1902.2834661073384,1762.4503319229625,3247.1420819134282,0.009609654,-337.0538,29.883184,87.647514,11.106451,-96.81266,11.296419,-42.018684,6.9574137,-60.457676,6.623644,-36.27253,4.8655477,-53.016243,4.668187,-23.933466,5.4274316,-37.47268,4.311512,-12.972229,4.2449884,-22.771801,4.1370463,-5.0409184,3.8973577,-14.152498,4.049111,24.88658888001721,18.36911925310443,12.369546211008158,13.38831830515621,15.841087949393089,15.962975324584582,52.756291480406546,penguin_filtered
King_Penguin_29_segment.wav,0.11237719330046404,0.03717986,1889.4238272208765,1594.9566008906218,3252.8126586064386,0.0054153246,-274.7124,58.0036,95.69446,14.583374,-90.08349,37.34486,-9.5221,13.021742,-48.90209,11.442292,-44.762653,8.798107,-39.502193,6.9827414,-24.6759,7.381941,-28.483936,7.735151,-11.929533,5.807882,-14.545183,6.6326504,-8.420512,5.740445,-6.765956,5.173669,27.33347666789018,17.26353027403159,15.223752114480536,16.059236668536602,16.432125024108792,19.60495540509241,53.02905976747919,penguin_filtered
King_Penguin_2_segment.wav,0.18647812137470998,0.010385863,2663.0107729076276,1634.0467624098308,4209.791171965632,0.009441796,-399.25595,49.52911,10.098565,16.707327,-147.6748,14.565437,-21.188099,8.516873,-59.066307,7.817607,-19.147537,6.789401,-33.984203,7.721788,-0.7834698,7.836037,-19.812267,9.061818,-3.3652952,9.305294,-8.694479,8.204626,-0.34183475,10.301118,0.80845916,10.503494,26.29961557327867,19.354904154172612,17.39831640089207,18.191678647161904,17.68108196714048,18.9280063565013,57.511758651831286,penguin_filtered
King_Penguin_30_segment.wav,0.18197369852088166,0.035741724,2603.9661447972035,1562.4001188236155,4199.699044282917,0.0028248546,-309.6952,43.4787,8.358406,15.552956,-141.0995,17.922201,-20.367256,14.782938,-64.10821,16.655592,1.6893158,11.856767,2.6445587,8.501833,12.228893,8.061906,1.5177643,9.418819,1.6241784,8.392038,-2.9020543,9.233923,-10.319782,10.8915825,17.354452,10.699931,26.424450386244576,21.33249358105188,19.653196529029888,19.4914465520831,18.42210458392385,20.01791421120448,61.57312816642617,penguin_filtered
King_Penguin_3_segment.wav,0.11389754930394431,0.0069199735,1760.5270375199007,1395.1333864278472,3020.96850755873,0.0030772653,-402.92514,17.987038,99.169914,7.9484525,-133.7884,12.358855,-28.8868,6.7311378,-75.34301,6.2893686,-34.72166,5.435471,-55.41108,4.9249196,-39.988758,5.2190185,-41.567486,4.5316167,-16.201778,4.932606,-15.986297,5.179589,-4.376138,4.9246774,-4.644454,4.1327596,25.981969818362334,24.29955637628814,13.03855363010239,13.231011296984367,16.755366439078482,19.003317366015153,53.88252842068784,penguin_filtered
King_Penguin_4_segment.wav,0.13857897694315546,0.017212657,1910.428619034462,1212.3914819232393,2987.0949304850637,0.0017937868,-430.30945,78.53277,70.173225,24.040134,-126.00464,48.99851,-31.604212,20.15227,-36.954315,8.93289,-30.186693,7.50923,-22.342073,5.224695,-26.472355,5.3113937,-15.23975,4.7317905,-4.2665257,5.435457,3.8613186,6.985633,3.4028642,9.32365,4.3386683,4.55367,26.60800517069812,26.30048538343742,14.162037333076844,16.365337377942918,17.985329397972492,21.385381066237695,53.57732619507449,penguin_filtered
King_Penguin_5_segment.wav,0.14766372716067286,0.021218697,2004.0891967330283,1219.741756821741,3113.296487547129,0.0017964506,-386.4222,55.87438,67.19366,19.082256,-133.01361,40.702522,-30.974512,18.219046,-34.59588,7.7218227,-23.656307,8.256772,-24.745422,7.2824893,-28.574121,7.951861,-9.859591,5.8269773,-10.140949,7.7201076,6.5046024,6.266179,10.40712,6.3431787,8.837362,8.034444,26.47890981043208,27.11069934664926,13.940220955566382,16.334305997769114,19.04731405330382,20.68353033144843,55.01407977835383,penguin_filtered
King_Penguin_6_segment.wav,0.08705907410092807,0.059532855,1468.5295953223815,1336.403097774437,2445.7172296439967,0.0013867698,-224.94443,31.691668,117.002815,9.021835,-111.676765,14.087099,-41.557026,5.745879,-87.8395,7.052674,-36.176884,6.600493,-54.7005,6.244634,-32.068516,5.792,-38.154102,5.8100805,-22.263033,4.996529,-23.84646,5.2413354,-9.467458,5.0178647,-11.2044735,6.1436377,24.70191062387824,22.93945602075783,14.109184495565298,15.964294325294121,17.497687621797542,17.08658076318715,55.432996682431266,penguin_filtered
King_Penguin_7_segment.wav,0.133331298828125,0.11816957,2208.9624796337916,1748.4480332295907,3868.6014404296875,0.0119330175,-219.6098,149.82082,62.490578,29.4275,-98.00987,24.214748,-30.040909,8.447334,-50.971474,15.936866,-29.515537,9.463642,-32.116627,11.935867,-17.9794,12.09614,-20.62879,6.8289237,-6.4199004,10.165314,-4.7502913,6.2145195,0.44078377,6.0076685,-2.1599853,8.201144,21.267494264664265,20.39790231679443,14.902231072968556,14.714238923310507,15.336123743039563,16.987338047691974,54.79713803292909,penguin_filtered
King_Penguin_8_segment.wav,0.14459057389018692,0.04712925,2337.080915294579,1682.2669238926985,3873.6370906651578,0.006761454,-315.5841,103.71313,35.838802,48.298138,-118.00032,39.807068,-29.316036,18.465082,-54.671482,19.839268,-11.08752,10.532125,-24.909435,8.742908,-22.599764,8.823943,-25.495737,11.797573,-9.4122715,7.621616,-11.499541,8.460052,-5.2187867,7.4192715,3.2111037,9.456001,25.109858106144124,19.90570013166491,18.28306394011037,19.734585673354562,19.801798377098446,19.493648765609194,55.9161857237935,penguin_filtered
King_Penguin_9_segment.wav,0.20546897658062646,0.03564588,2908.840138471101,1767.6317160300373,4709.00176506308,0.011418869,-286.023,50.13891,22.264954,40.118027,-99.80108,16.7993,7.0538807,17.334215,-63.454426,10.453038,-37.95058,10.395673,-54.081123,11.291233,-8.250773,14.409446,-28.6309,13.537359,-15.932594,11.498651,-15.501084,12.002251,2.442668,11.709201,-7.030126,10.875544,25.062337878275073,19.682606100851498,15.183952678305777,16.298864090020732,19.56494144683767,19.020553353110614,59.07420846251441,penguin_filtered
Red-tailed_Hawk_10_segment.wav,0.2964297690690255,0.005090154,3753.3016985313566,1859.837764610146,5750.489357507976,0.028021237,-533.0232,20.272764,-68.15428,22.77501,-107.53263,14.566562,28.532967,24.700417,9.809466,9.0233555,35.652977,10.299093,-13.276554,13.190657,-3.2840426,7.3098545,-9.479787,5.0632863,3.1838756,7.708075,-0.46476558,6.580382,8.728031,7.077988,-3.9696925,6.841148,26.552221167004202,10.101064995974149,13.539254584920656,27.012926848884852,16.87431399803642,17.433013180696598,58.95225543794711,Red-tailed Hawk_filtered
Red-tailed_Hawk_11_segment.wav,0.38841583889211134,0.0035928173,4302.416813291661,2402.247978809799,6932.567283117024,0.1510673,-537.323,49.77015,-24.217497,7.501423,-78.88318,42.986496,-26.37646,11.000908,-47.19503,12.063836,-16.798306,10.29438,-31.148151,6.0173025,-2.696147,8.616379,-22.19958,7.1681805,3.8432271,10.54559,-0.5858035,8.428188,16.992252,6.6715417,4.8870535,6.176016,26.66918940086116,20.894486301626674,13.659057907717298,13.60628155174654,14.994093819050896,15.014309198272288,55.196653726177196,Red-tailed Hawk_filtered
Red-tailed_Hawk_12_segment.wav,0.24007321813423646,0.011917225,3277.5877911224047,2033.0173185330418,5513.534230199353,0.037940055,-495.53955,107.22283,7.925974,30.391361,-70.751625,68.39832,-8.018641,23.010656,-34.711926,18.356365,-9.807014,12.103644,-4.208333,12.58365,12.146991,10.955307,-0.5827818,10.872867,-8.194897,11.322343,2.0991244,9.739444,3.507914,10.183531,13.866175,9.734247,26.935574485015454,17.964245416510995,14.841125300524492,16.92793674712755,17.912927152577364,17.874083963459107,54.41584561642667,Red-tailed Hawk_filtered
Red-tailed_Hawk_13_segment.wav,0.2614019896423513,0.013074854,3526.727937804824,2099.167190289297,5899.518150783463,0.07351536,-539.9183,44.19952,1.3530669,20.449923,-55.861305,38.21668,-7.320065,26.67606,3.1465712,14.835937,1.2274731,13.195168,3.8914735,13.8444805,11.331447,12.981721,3.1726835,11.278655,-6.324778,13.311514,-1.8277059,12.076133,-1.5488769,13.460446,-1.9897537,9.740618,26.54007338084025,9.932099360224923,24.892949199428525,14.59349914832957,19.818436803390235,17.826996559226508,53.03348186250134,Red-tailed Hawk_filtered
Red-tailed_Hawk_14_segment.wav,0.2603139501160093,0.003679322,3181.1329640590893,1808.588118336518,5104.168517075116,0.04239421,-532.6951,40.9211,9.967669,12.313893,-75.0526,28.89259,2.1510947,9.641301,-22.232098,8.4653845,-13.614358,6.9152374,-9.693885,6.1914587,-3.5138116,11.37951,-1.263238,7.8551826,-1.0162654,8.123543,4.2381306,7.4360704,-0.039616916,5.383565,8.784064,5.7946067,26.801319508848742,18.875971843721832,13.088981221784708,13.554872730422815,15.446963052394356,15.975797676003664,57.960381717736844,Red-tailed Hawk_filtered
Red-tailed_Hawk_15_segment.wav,0.25173433230874315,0.00016149535,3000.165127504173,2193.4071558336905,5322.23120517418,0.047886558,-795.4549,38.513107,38.795815,23.08232,-69.988045,26.883963,-11.700499,30.038197,-40.446854,12.941732,-13.618857,16.120728,-16.702755,8.666224,5.6548047,13.3387575,-9.006237,9.366344,0.7726097,10.59765,7.5375924,8.888631,4.7007895,6.7541776,5.2945356,5.918966,26.667848732032237,14.827667508573075,13.463991383943828,13.603595537673879,17.745515294528058,17.06719143636677,49.119172843723234,Red-tailed Hawk_filtered
Red-tailed_Hawk_16_segment.wav,0.31654819222383723,0.011011315,3996.657410256828,2321.0955907747802,6612.759044558503,0.1011524,-538.999,90.161354,-2.1876647,42.823357,-27.654877,39.85068,13.800117,22.179016,-31.794416,12.165518,-16.282013,8.318498,-16.70168,14.020508,-10.253008,12.625707,-10.475225,8.202122,-0.37461388,6.7321877,2.3678515,7.5885167,8.632379,9.070204,7.93728,7.7182484,26.471318183698862,21.023364331728498,13.749934183314735,13.527147655127042,16.351906934179883,17.59960907573095,53.08145129596787,Red-tailed Hawk_filtered
Red-tailed_Hawk_17_segment.wav,0.32748717553654294,0.0086887395,4020.044965320083,2279.0019060121313,6583.239774416328,0.14231183,-516.478,74.56223,-12.168578,27.480148,-65.30163,51.90197,0.9127265,26.311441,-30.087955,10.498783,-15.906817,8.925266,-19.626196,5.4658947,2.3287222,7.661148,-16.32377,8.63433,3.0380423,9.489189,3.8118174,7.6569185,12.492554,8.848484,3.7132041,6.018019,26.56732058660751,20.484040521413885,13.01063484347039,15.119152094260714,17.416210143341274,17.53908990916165,52.72343370048208,Red-tailed Hawk_filtered
Red-tailed_Hawk_18_segment.wav,0.18529310469837587,0.008368979,2581.6298942551884,1642.197570496429,3972.925937590632,0.009666129,-516.9713,63.069443,13.512253,33.049206,-62.048096,36.61105,-21.940445,31.383707,-15.219264,12.184504,6.7354126,9.905984,11.023449,13.155673,-4.9506435,13.013556,-15.420864,8.742813,2.020631,13.350784,10.960242,13.017673,9.607721,7.631342,6.869809,9.909487,26.812001622642374,19.37781941873933,15.574121220950587,17.21763569557496,18.3502970514652,20.05856236349882,55.25984329935848,Red-tailed Hawk_filtered
Red-tailed_Hawk_19_segment.wav,0.2462545435234139,0.008644447,3440.525237182176,2355.7794995120375,6178.793251982628,0.0750847,-540.4195,90.49152,15.775323,20.340836,-33.23408,45.505592,-15.064181,18.402254,-21.442875,13.016844,-8.651071,7.942358,-4.1955137,11.489606,3.1428182,8.319267,-0.059773702,10.496113,2.7559402,8.119146,5.6515846,8.73114,1.836126,8.678256,1.4266059,4.988593,26.725822138578817,19.354936052379124,13.969222923585503,13.929332864153864,16.078900029180968,17.020334061423892,53.0918144954632,Red-tailed Hawk_filtered
Red-tailed_Hawk_1_segment.wav,0.19828637072215777,0.004983374,2960.336607488434,2208.9470404999875,5425.91753824681,0.051394638,-423.93195,70.79633,18.404942,22.067106,-103.542305,20.091621,-42.093845,21.67949,-52.123886,10.062743,-34.221584,10.166362,-44.139427,9.18276,-11.600461,7.420959,-23.986935,7.9391675,-6.893361,7.5187845,-12.736966,5.8149195,3.2957249,5.440473,-8.680916,4.713603,25.468253086594586,16.571235693049456,13.47546371847154,12.809470299967256,15.519007861197911,15.514496106745808,51.45409234560797,Red-tailed Hawk_filtered
Red-tailed_Hawk_21_segment.wav,0.26909168358468677,0.007063654,3604.3884771424923,2142.186822972688,6034.043172672564,0.06364218,-484.78537,34.600822,-8.562417,20.264563,-79.55717,24.873173,-8.042477,25.829756,-12.567412,13.027651,4.3669124,12.012225,-3.5965505,10.346025,10.495028,8.366738,-3.388843,7.3534374,3.1417992,8.897568,8.224831,8.086551,5.1544952,8.235727,-4.3098927,6.0266595,26.90757943981134,15.193163021632335,17.60440973529048,14.390244198410512,18.05795041097497,16.501395896736444,53.64206625595176,Red-tailed Hawk_filtered
Red-tailed_Hawk_22_segment.wav,0.2088631239513423,0.011919085,3127.7337339014057,2056.1640703539647,5641.337923395554,0.03590439,-496.62564,81.20045,11.210377,47.633625,-69.22486,43.443127,-10.931562,38.624294,-40.03649,11.079421,-7.649454,6.5131245,-11.252004,10.472293,-5.412649,11.805329,-11.663597,7.1095076,2.93669,9.343357,11.311945,5.6721873,7.0963044,7.4089284,3.5782824,5.496809,26.379783474767187,19.174526386369735,13.648418721450716,13.67351985681048,18.14430058714066,17.286824907344684,58.54576683554329,Red-tailed Hawk_filtered
Red-tailed_Hawk_23_segment.wav,0.25243347592807425,0.0008744884,3310.169464090305,1959.1187486910076,5382.251599659223,0.039749175,-647.6196,28.097336,-5.117933,14.036648,-113.26586,26.514303,-21.674303,19.910263,-49.303093,8.545148,10.764186,12.390115,-3.6805024,7.4734287,18.550983,10.934322,1.0172398,9.320376,3.639884,9.688401,5.2435427,7.513823,14.842576,5.7997384,5.7006445,5.7116995,26.785335784426348,10.731730365369732,17.940735694322157,14.022645923126268,15.82738494614891,17.27048958357942,55.832192243948825,Red-tailed Hawk_filtered
Red-tailed_Hawk_24_segment.wav,0.21695208272911834,0.011777805,3163.4524909126467,2257.6047449211205,5827.229496719113,0.06182187,-441.92926,71.35295,20.427385,23.42418,-82.530174,33.845535,-25.282814,12.93949,-40.571114,8.459994,-15.923963,6.4811735,-21.15758,9.625245,2.217718,9.444278,-10.567453,4.8844204,5.3147635,5.9068866,7.4159646,5.9188433,6.968877,7.1506867,2.0092347,4.7668447,26.093757736271403,21.190407176660948,16.544622575178423,13.160759786690653,15.62248857522305,16.1551331558305,53.98276626578718,Red-tailed Hawk_filtered
Red-tailed_Hawk_25_segment.wav,0.3229419681699536,0.00684092,3804.661435215129,2136.053962191723,5977.762074481583,0.0549558,-530.4088,88.838165,3.7779222,26.490244,-46.387993,44.537006,-4.3188024,9.564963,-32.259598,14.108557,-9.893483,12.081991,-12.877391,11.795598,6.3705115,13.260377,-0.17562555,8.148036,-4.78023,8.461922,13.008676,6.8756332,5.668765,8.211561,0.3437039,7.2501044,26.621840846697353,19.63968443071906,15.689028659026931,13.951023732721492,18.18513636483762,18.957927698471284,56.29732999175225,Red-tailed Hawk_filtered
Red-tailed_Hawk_26_segment.wav,0.26735720888921116,0.016018875,3582.1162841783603,2292.399800461541,6173.809148872535,0.08257683,-474.3737,42.26812,16.144176,21.02171,-36.80627,27.590681,-5.354306,25.520338,-23.464764,11.985182,-18.861197,13.217291,-14.651993,10.668468,0.45868763,10.219116,-11.386744,12.041441,4.059266,8.12139,7.2149577,9.840081,2.3509057,10.173235,7.0637693,8.049528,26.49953276474529,22.56746099158774,14.217886301030678,14.060545428025735,18.69655010156324,16.65461925722667,54.45367529479111,Red-tailed Hawk_filtered
Red-tailed_Hawk_27_segment.wav,0.15240039515661252,0.014055502,2662.887232262504,2209.216662324065,5078.313685016677,0.026227482,-398.08008,28.255037,48.49305,15.046414,-60.10149,14.579058,-20.312046,12.258018,-60.176037,10.908784,-24.00486,14.945788,-42.399406,11.741192,-17.608498,8.570849,-25.134764,8.154838,-10.306751,5.5884757,-6.5852494,9.92898,7.2511735,9.297065,2.3822114,6.1544037,25.787112219058184,16.52636415242962,17.677709645596433,13.250423670482,16.187962345642624,16.75998314515191,54.746265909786366,Red-tailed Hawk_filtered
Red-tailed_Hawk_28_segment.wav,0.3076817629785383,0.010278136,3500.5058361696138,1688.0650318912494,5143.787612383991,0.031824753,-495.7192,67.56558,-7.68094,16.430363,-48.625996,46.658535,18.408976,17.246109,-9.227074,12.195882,-8.08567,12.528986,0.90769374,9.924072,-7.8307614,8.876057,-6.555315,7.5017705,-3.512296,11.067681,3.8662224,10.9802265,11.035968,8.501248,3.8078337,6.8975973,26.195552012110856,19.43724304359965,14.142206437995267,14.798645054685107,16.56714678832441,19.98331656114846,57.59875565771062,Red-tailed Hawk_filtered
Red-tailed_Hawk_29_segment.wav,0.17982569280660377,0.012791643,2597.770277786908,1768.6638717091987,4143.237131946492,0.014379877,-485.08307,66.573395,19.446733,42.37131,-86.80507,33.5616,-29.780008,37.91803,-3.5919924,11.416829,-5.0976896,8.699726,-7.193181,10.421461,15.360533,11.954213,6.6211443,6.4473715,-0.8443035,6.5063653,6.3110313,5.817765,5.5955544,5.662872,-1.6649342,5.768525,26.75534599873622,17.699269480364613,17.878597504725143,12.91842305566292,19.36650461920563,15.80259221899338,54.502075294844715,Red-tailed Hawk_filtered
Red-tailed_Hawk_2_segment.wav,0.1580059998549884,0.014562017,2511.563691587613,2033.4736052515425,4498.091284802784,0.019864688,-374.18082,24.601381,33.19835,6.773526,-101.97295,21.663996,-60.511963,12.510679,-53.34551,9.468467,-5.075768,10.890379,-37.103436,6.817071,-26.552757,10.22317,-34.044624,6.3485904,6.2947497,8.061402,-0.21579278,7.2883587,10.861011,6.429795,-12.785664,7.2193937,24.25503495997356,16.691131525484263,14.122698454825983,18.02565127790976,19.3500304871881,15.164540174117944,54.60963765647033,Red-tailed Hawk_filtered
Red-tailed_Hawk_30_segment.wav,0.20435230152027026,0.008293667,2853.2728338255088,1696.2170745712583,4658.5921004011825,0.020201793,-476.4302,72.098694,17.613878,31.844765,-123.51599,51.670486,3.5088608,34.88951,-64.768906,11.213513,-32.31518,13.260729,-41.581596,5.778788,-5.8752565,14.771072,-25.337275,7.8018665,-4.525695,7.8350973,-1.183012,7.192547,4.3920426,6.086142,-5.5098786,6.744079,25.265630954146697,19.771812047062767,14.470341803423421,14.0964200465994,17.578595118610405,18.948140821696555,55.15902018288459,Red-tailed Hawk_filtered
Red-tailed_Hawk_3_segment.wav,0.353483903712297,0.021014322,4162.941883099326,1585.4850487874403,5822.782965215342,0.0433697,-534.34033,70.2283,-83.22036,44.879017,-73.66813,34.70928,61.15943,39.7914,-19.821892,10.031917,12.216035,11.019961,-1.0933338,8.636712,2.7744262,9.9616,-18.807947,11.524151,16.039629,13.21217,3.521121,11.665769,-9.642519,11.955682,0.61195844,10.0660095,26.50804913298688,13.721641723058127,12.63826981978702,16.843905986292985,20.595211441151495,22.495339904023027,60.37720337410697,Red-tailed Hawk_filtered
Red-tailed_Hawk_4_segment.wav,0.5652216372282609,0.006186304,6085.2876663327825,2064.7734355667444,8262.97660495924,0.10103488,-541.61127,66.17608,-117.4952,32.34671,-21.564177,25.113098,14.488094,27.354229,-17.143513,10.455951,15.343192,8.92598,-12.017669,5.730958,14.871737,9.24825,-8.564573,5.542727,9.8688135,7.5817018,-6.75257,5.4427395,8.725337,5.560531,-6.081784,3.9905682,26.692604281535836,10.445060285982148,16.202357529956885,13.60760867719726,16.20909102587258,15.25112330083516,53.64034256409759,Red-tailed Hawk_filtered
Red-tailed_Hawk_5_segment.wav,0.30200251957656615,0.011663583,3989.7648735681564,2454.2193727555023,6942.359644630946,0.13459973,-518.2929,64.86529,-4.1120744,38.82969,-47.316696,27.569902,-6.853528,22.708288,-25.972973,10.507907,-2.7081883,7.3291626,-4.5711884,5.4243455,6.1387434,9.352373,-4.91642,13.589567,4.29314,7.585351,5.1862464,8.556572,5.356318,8.775966,2.1848156,5.4829564,26.652674199994575,17.64774069517306,13.999776800597592,14.93645907772484,17.835863230751396,16.40809740344785,53.705766282584136,Red-tailed Hawk_filtered
Red-tailed_Hawk_6_segment.wav,0.23615711405529954,0.005422177,3017.052217492061,1868.4217169926862,4942.713583669355,0.019939015,-467.7204,53.974056,27.290575,33.093098,-90.695694,34.408978,-0.047195647,23.646173,-61.312183,15.88853,-26.527708,12.551643,-35.10529,9.513991,-16.729233,9.34986,-17.57812,9.512163,-1.0745472,9.081478,-7.339037,9.681862,4.763919,8.805835,-2.2410867,8.210223,26.44453884899685,25.00265068812831,14.30344726262255,15.133258705392864,18.29832591196717,21.922522476842673,56.5797630257576,Red-tailed Hawk_filtered
Red-tailed_Hawk_7_segment.wav,0.260281095925174,0.012317709,3292.8875306982654,1870.801403361782,5333.264811575551,0.039454266,-463.2156,64.04879,-2.8551674,33.34303,-78.677574,39.2705,6.3887196,25.822437,-17.81102,6.2403293,-2.6735616,7.320583,-3.9108274,9.871677,-7.171042,6.3788176,-12.724748,6.565114,-5.0180573,5.087829,13.650592,10.2509365,6.9220495,4.719865,2.8918471,4.9999733,26.025504924444004,18.352025433276,12.95714577138678,16.78777612279184,16.9726013214194,17.322359091614924,57.62027126491532,Red-tailed Hawk_filtered
Red-tailed_Hawk_8_segment.wav,0.2954883265661253,0.016185787,3277.0113319108023,1596.6601073012537,4754.96591094475,0.011262104,-401.5033,39.84914,15.35462,26.554766,-103.75648,26.789642,0.0043186266,21.307943,-58.95148,12.389128,-10.120456,15.628715,-10.470425,11.715004,-13.724943,13.142314,6.0108695,12.261244,-2.070775,10.436878,10.775547,8.648544,4.6979933,9.158985,-4.449789,8.039718,25.658448714156666,17.525706382086252,15.300912144181442,13.923513470503327,16.67027703496199,23.2438989068563,56.568713592237756,Red-tailed Hawk_filtered
